[{"id":"user-image-BloqTechLogo.png","fileName":"BloqTechLogo.png","name":"BloqTechLogo","publicUrl":"https://assets.nicepagecdn.com/864d1f9a/6421868/images/BloqTechLogo.png","size":155695,"hash":"gME/KA2mHf7QZ4TG50kPHSzrpV0=","width":2000,"height":2000,"folderId":null,"thumbnail":{"url":"https://assets.nicepagecdn.com/864d1f9a/6421868/images/thumbnails/BloqTechLogo.png","width":150,"height":150},"usages":[]},{"id":"user-image-photo-1732979887702-40baea1c1ff6.jpeg","fileName":"photo-1732979887702-40baea1c1ff6.jpeg","name":"photo-1732979887702-40baea1c1ff6","publicUrl":"https://assets.nicepagecdn.com/864d1f9a/6421868/images/photo-1732979887702-40baea1c1ff6.jpeg","size":23302,"hash":"abuU8I5IDCH5oOsxN6v55LJqfXY=","width":1080,"height":608,"folderId":null,"thumbnail":{"url":"https://assets.nicepagecdn.com/864d1f9a/6421868/images/thumbnails/photo-1732979887702-40baea1c1ff6.jpeg","width":150,"height":84},"originalUrl":"https://images.unsplash.com/photo-1732979887702-40baea1c1ff6?crop=entropy&cs=tinysrgb&fit=max&fm=jpg&ixid=M3w1NzgzNjl8MHwxfGNvbGxlY3Rpb258MTN8NzEzNDQ0NTN8fHx8fDJ8fDE3MzYyNTM5OTZ8&ixlib=rb-4.0.3&q=80&w=1080","usages":["2825723370"]},{"id":"user-image-photo-1733723586975-9aaae6983459.jpeg","fileName":"photo-1733723586975-9aaae6983459.jpeg","name":"photo-1733723586975-9aaae6983459","publicUrl":"https://assets.nicepagecdn.com/864d1f9a/6421868/images/photo-1733723586975-9aaae6983459.jpeg","size":76351,"hash":"gIJi4QpvOw5Nx5pk2f71ANxOQsU=","width":1080,"height":720,"folderId":null,"thumbnail":{"url":"https://assets.nicepagecdn.com/864d1f9a/6421868/images/thumbnails/photo-1733723586975-9aaae6983459.jpeg","width":150,"height":100},"originalUrl":"https://images.unsplash.com/photo-1733723586975-9aaae6983459?crop=entropy&cs=tinysrgb&fit=max&fm=jpg&ixid=M3w1NzgzNjl8MHwxfGNvbGxlY3Rpb258Mnw3MTM0NDQ1M3x8fHx8Mnx8MTczNjI1Mzk5Nnw&ixlib=rb-4.0.3&q=80&w=1080","usages":["2825723370"]},{"id":"user-image-photo-1731582338361-f5d4101e3a25.jpeg","fileName":"photo-1731582338361-f5d4101e3a25.jpeg","name":"photo-1731582338361-f5d4101e3a25","publicUrl":"https://assets.nicepagecdn.com/864d1f9a/6421868/images/photo-1731582338361-f5d4101e3a25.jpeg","size":12424,"hash":"aYvNXLh7K061V0Du8yiPXFoUIyo=","width":1080,"height":720,"folderId":null,"thumbnail":{"url":"https://assets.nicepagecdn.com/864d1f9a/6421868/images/thumbnails/photo-1731582338361-f5d4101e3a25.jpeg","width":150,"height":100},"originalUrl":"https://images.unsplash.com/photo-1731582338361-f5d4101e3a25?crop=entropy&cs=tinysrgb&fit=max&fm=jpg&ixid=M3w1NzgzNjl8MHwxfGNvbGxlY3Rpb258MTZ8NzEzNDQ0NTN8fHx8fDJ8fDE3MzYyNTM5OTZ8&ixlib=rb-4.0.3&q=80&w=1080","usages":["2825723370"]},{"id":"user-image-photo-1733395445556-de9323e37a00.jpeg","fileName":"photo-1733395445556-de9323e37a00.jpeg","name":"photo-1733395445556-de9323e37a00","publicUrl":"https://assets.nicepagecdn.com/864d1f9a/6421868/images/photo-1733395445556-de9323e37a00.jpeg","size":111683,"hash":"cUHqf/K3Dnb1N3GGZlwrOtUR0to=","width":1080,"height":1620,"folderId":null,"thumbnail":{"url":"https://assets.nicepagecdn.com/864d1f9a/6421868/images/thumbnails/photo-1733395445556-de9323e37a00.jpeg","width":100,"height":150},"originalUrl":"https://images.unsplash.com/photo-1733395445556-de9323e37a00?crop=entropy&cs=tinysrgb&fit=max&fm=jpg&ixid=M3w1NzgzNjl8MHwxfGNvbGxlY3Rpb258MTl8NzEzNDQ0NTN8fHx8fDJ8fDE3MzYyNTM5OTZ8&ixlib=rb-4.0.3&q=80&w=1080","usages":["2825723370"]},{"id":"user-image-photo-1733411676628-f1255dd1a336.jpeg","fileName":"photo-1733411676628-f1255dd1a336.jpeg","name":"photo-1733411676628-f1255dd1a336","publicUrl":"https://assets.nicepagecdn.com/864d1f9a/6421868/images/photo-1733411676628-f1255dd1a336.jpeg","size":30196,"hash":"bi8jxah3Y/ke+gQAMfyyLHDB8ws=","width":1080,"height":720,"folderId":null,"thumbnail":{"url":"https://assets.nicepagecdn.com/864d1f9a/6421868/images/thumbnails/photo-1733411676628-f1255dd1a336.jpeg","width":150,"height":100},"originalUrl":"https://images.unsplash.com/photo-1733411676628-f1255dd1a336?crop=entropy&cs=tinysrgb&fit=max&fm=jpg&ixid=M3w1NzgzNjl8MHwxfGNvbGxlY3Rpb258MTd8NzEzNDQ0NTN8fHx8fDJ8fDE3MzYyNTM5OTZ8&ixlib=rb-4.0.3&q=80&w=1080","usages":["2825723370"]},{"id":"user-image-photo-1725113113972-4f4dfe143776.jpeg","fileName":"photo-1725113113972-4f4dfe143776.jpeg","name":"photo-1725113113972-4f4dfe143776","publicUrl":"https://assets.nicepagecdn.com/864d1f9a/6421868/images/photo-1725113113972-4f4dfe143776.jpeg","size":52533,"hash":"lQMZ1jZaG9H4WHB8O5WcjTK0660=","width":1080,"height":608,"folderId":null,"thumbnail":{"url":"https://assets.nicepagecdn.com/864d1f9a/6421868/images/thumbnails/photo-1725113113972-4f4dfe143776.jpeg","width":150,"height":84},"originalUrl":"https://images.unsplash.com/photo-1725113113972-4f4dfe143776?crop=entropy&cs=tinysrgb&fit=max&fm=jpg&ixid=M3w1NzgzNjl8MHwxfGNvbGxlY3Rpb258NHw3MTM0NDQ1M3x8fHx8Mnx8MTczNjI1Mzk5Nnw&ixlib=rb-4.0.3&q=80&w=1080","usages":["2825723370"]},{"id":"user-image-photo-1731946934369-2441982c76bf.jpeg","fileName":"photo-1731946934369-2441982c76bf.jpeg","name":"photo-1731946934369-2441982c76bf","publicUrl":"https://assets.nicepagecdn.com/864d1f9a/6421868/images/photo-1731946934369-2441982c76bf.jpeg","size":61347,"hash":"Dp/8k2RJSBV3i5YAm3Xxk2e/s5Q=","width":1080,"height":608,"folderId":null,"thumbnail":{"url":"https://assets.nicepagecdn.com/864d1f9a/6421868/images/thumbnails/photo-1731946934369-2441982c76bf.jpeg","width":150,"height":84},"originalUrl":"https://images.unsplash.com/photo-1731946934369-2441982c76bf?crop=entropy&cs=tinysrgb&fit=max&fm=jpg&ixid=M3w1NzgzNjl8MHwxfGNvbGxlY3Rpb258MTR8NzEzNDQ0NTN8fHx8fDJ8fDE3MzYyNTM5OTZ8&ixlib=rb-4.0.3&q=80&w=1080","usages":["2825723370"]},{"id":"user-image-photo-1733817261310-c5ae59a0b49a.jpeg","fileName":"photo-1733817261310-c5ae59a0b49a.jpeg","name":"photo-1733817261310-c5ae59a0b49a","publicUrl":"https://assets.nicepagecdn.com/864d1f9a/6421868/images/photo-1733817261310-c5ae59a0b49a.jpeg","size":36966,"hash":"S5MzmIAuSTePv0fm92+qmcEQgck=","width":1080,"height":720,"folderId":null,"thumbnail":{"url":"https://assets.nicepagecdn.com/864d1f9a/6421868/images/thumbnails/photo-1733817261310-c5ae59a0b49a.jpeg","width":150,"height":100},"originalUrl":"https://images.unsplash.com/photo-1733817261310-c5ae59a0b49a?crop=entropy&cs=tinysrgb&fit=max&fm=jpg&ixid=M3w1NzgzNjl8MHwxfGNvbGxlY3Rpb258MTh8NzEzNDQ0NTN8fHx8fDJ8fDE3MzYyNTM5OTZ8&ixlib=rb-4.0.3&q=80&w=1080","usages":["2825723370"]},{"id":"user-image-photo-1733064515562-be3d5f1e6f76.jpeg","fileName":"photo-1733064515562-be3d5f1e6f76.jpeg","name":"photo-1733064515562-be3d5f1e6f76","publicUrl":"https://assets.nicepagecdn.com/864d1f9a/6421868/images/photo-1733064515562-be3d5f1e6f76.jpeg","size":40194,"hash":"z4Q3nTMDiIJr8k1/7zlt+axgMbg=","width":1080,"height":720,"folderId":null,"thumbnail":{"url":"https://assets.nicepagecdn.com/864d1f9a/6421868/images/thumbnails/photo-1733064515562-be3d5f1e6f76.jpeg","width":150,"height":100},"originalUrl":"https://images.unsplash.com/photo-1733064515562-be3d5f1e6f76?crop=entropy&cs=tinysrgb&fit=max&fm=jpg&ixid=M3w1NzgzNjl8MHwxfGNvbGxlY3Rpb258Nnw3MTM0NDQ1M3x8fHx8Mnx8MTczNjI1Mzk5Nnw&ixlib=rb-4.0.3&q=80&w=1080","usages":["2825723370"]},{"id":"user-image-photo-1731600800681-3970e965bb95.jpeg","fileName":"photo-1731600800681-3970e965bb95.jpeg","name":"photo-1731600800681-3970e965bb95","publicUrl":"https://assets.nicepagecdn.com/864d1f9a/6421868/images/photo-1731600800681-3970e965bb95.jpeg","size":29501,"hash":"F6uc0UaJa7oaZojxXtWuPZanc6g=","width":1080,"height":608,"folderId":null,"thumbnail":{"url":"https://assets.nicepagecdn.com/864d1f9a/6421868/images/thumbnails/photo-1731600800681-3970e965bb95.jpeg","width":150,"height":84},"originalUrl":"https://images.unsplash.com/photo-1731600800681-3970e965bb95?crop=entropy&cs=tinysrgb&fit=max&fm=jpg&ixid=M3w1NzgzNjl8MHwxfGNvbGxlY3Rpb258N3w3MTM0NDQ1M3x8fHx8Mnx8MTczNjI1Mzk5Nnw&ixlib=rb-4.0.3&q=80&w=1080","usages":[]},{"id":"user-image-photo-1732029062012-9030cfd21549.jpeg","fileName":"photo-1732029062012-9030cfd21549.jpeg","name":"photo-1732029062012-9030cfd21549","publicUrl":"https://assets.nicepagecdn.com/864d1f9a/6421868/images/photo-1732029062012-9030cfd21549.jpeg","size":28419,"hash":"WOVSP00RIueVJfczEZFWJCxYmiw=","width":1080,"height":608,"folderId":null,"thumbnail":{"url":"https://assets.nicepagecdn.com/864d1f9a/6421868/images/thumbnails/photo-1732029062012-9030cfd21549.jpeg","width":150,"height":84},"originalUrl":"https://images.unsplash.com/photo-1732029062012-9030cfd21549?crop=entropy&cs=tinysrgb&fit=max&fm=jpg&ixid=M3w1NzgzNjl8MHwxfGNvbGxlY3Rpb258MTJ8NzEzNDQ0NTN8fHx8fDJ8fDE3MzYyNTM5OTZ8&ixlib=rb-4.0.3&q=80&w=1080","usages":["2825723370"]},{"id":"user-image-photo-1729892938603-ea99ccbb0c31.jpeg","fileName":"photo-1729892938603-ea99ccbb0c31.jpeg","name":"photo-1729892938603-ea99ccbb0c31","publicUrl":"https://assets.nicepagecdn.com/864d1f9a/6421868/images/photo-1729892938603-ea99ccbb0c31.jpeg","size":75494,"hash":"nFwvG/SUJkWKLR+cXgZsqzcHczQ=","width":1080,"height":720,"folderId":null,"thumbnail":{"url":"https://assets.nicepagecdn.com/864d1f9a/6421868/images/thumbnails/photo-1729892938603-ea99ccbb0c31.jpeg","width":150,"height":100},"originalUrl":"https://images.unsplash.com/photo-1729892938603-ea99ccbb0c31?crop=entropy&cs=tinysrgb&fit=max&fm=jpg&ixid=M3w1NzgzNjl8MHwxfGNvbGxlY3Rpb258MXw3MTM0NDQ1M3x8fHx8Mnx8MTczNjI1Mzk5Nnw&ixlib=rb-4.0.3&q=80&w=1080","usages":["2825723370"]},{"id":"user-image-photo-1732006358505-e2f6a623adc2.jpeg","fileName":"photo-1732006358505-e2f6a623adc2.jpeg","name":"photo-1732006358505-e2f6a623adc2","publicUrl":"https://assets.nicepagecdn.com/864d1f9a/6421868/images/photo-1732006358505-e2f6a623adc2.jpeg","size":25560,"hash":"fvb2umE3rP8nV3tpXxFEKMIWcOc=","width":1080,"height":720,"folderId":null,"thumbnail":{"url":"https://assets.nicepagecdn.com/864d1f9a/6421868/images/thumbnails/photo-1732006358505-e2f6a623adc2.jpeg","width":150,"height":100},"originalUrl":"https://images.unsplash.com/photo-1732006358505-e2f6a623adc2?crop=entropy&cs=tinysrgb&fit=max&fm=jpg&ixid=M3w1NzgzNjl8MHwxfGNvbGxlY3Rpb258OHw3MTM0NDQ1M3x8fHx8Mnx8MTczNjI1Mzk5Nnw&ixlib=rb-4.0.3&q=80&w=1080","usages":["2825723370"]},{"id":"user-image-photo-1731770207534-4411fd273c9e.jpeg","fileName":"photo-1731770207534-4411fd273c9e.jpeg","name":"photo-1731770207534-4411fd273c9e","publicUrl":"https://assets.nicepagecdn.com/864d1f9a/6421868/images/photo-1731770207534-4411fd273c9e.jpeg","size":20499,"hash":"NkxdUDPhB8+xiLW+bzHrrbOnwIo=","width":1080,"height":720,"folderId":null,"thumbnail":{"url":"https://assets.nicepagecdn.com/864d1f9a/6421868/images/thumbnails/photo-1731770207534-4411fd273c9e.jpeg","width":150,"height":100},"originalUrl":"https://images.unsplash.com/photo-1731770207534-4411fd273c9e?crop=entropy&cs=tinysrgb&fit=max&fm=jpg&ixid=M3w1NzgzNjl8MHwxfGNvbGxlY3Rpb258MTF8NzEzNDQ0NTN8fHx8fDJ8fDE3MzYyNTM5OTZ8&ixlib=rb-4.0.3&q=80&w=1080","usages":["2825723370"]}]