[{"id":2782201192,"isFolder":true,"title":"BloqTech","status":2,"order":null,"dateCreated":null,"dateUpdated":null,"folderId":null},{"id":85716092,"title":"Blog Template","order":1,"templateKey":"blog","customTemplate":false,"customTemplateFilename":null,"pageLinks":[],"dateCreated":"2025-01-07T10:27:17.767Z","dateUpdated":"2025-01-07T10:27:25.706Z","folderId":null,"pageName":"Blog Template","sectionCount":1,"status":2},{"id":2910911409,"title":"Post Template","order":2,"templateKey":"post","customTemplate":false,"customTemplateFilename":null,"pageLinks":[],"dateCreated":"2025-01-07T10:27:17.862Z","dateUpdated":"2025-01-07T10:27:25.706Z","folderId":null,"pageName":"Post Template","sectionCount":1,"status":2},{"id":41894916,"title":"Product List Template","order":3,"templateKey":"products","customTemplate":false,"customTemplateFilename":null,"pageLinks":[],"dateCreated":"2025-01-07T10:27:17.943Z","dateUpdated":"2025-01-07T10:27:25.706Z","folderId":null,"pageName":"Product List Template","sectionCount":1,"status":2},{"id":181601630,"title":"Product Details Template","order":4,"templateKey":"product","customTemplate":false,"customTemplateFilename":null,"pageLinks":[],"dateCreated":"2025-01-07T10:27:18.068Z","dateUpdated":"2025-01-07T10:27:25.706Z","folderId":null,"pageName":"Product Details Template","sectionCount":1,"status":2},{"id":101477171,"title":"Shopping Cart Template","order":5,"templateKey":"cart","customTemplate":false,"customTemplateFilename":null,"pageLinks":[],"dateCreated":"2025-01-07T10:27:18.148Z","dateUpdated":"2025-01-07T10:27:25.707Z","folderId":null,"pageName":"Shopping Cart Template","sectionCount":1,"status":2},{"id":918729091,"title":"Login Template","order":7,"templateKey":"login","customTemplate":false,"customTemplateFilename":null,"pageLinks":[],"dateCreated":"2025-01-07T10:27:18.230Z","dateUpdated":"2025-01-07T10:27:25.707Z","folderId":null,"pageName":"Login Template","sectionCount":1,"status":2},{"id":88029278,"title":"Search Template","order":8,"templateKey":"Search","customTemplate":false,"customTemplateFilename":null,"pageLinks":[],"dateCreated":"2025-01-07T10:27:18.272Z","dateUpdated":"2025-01-07T10:27:25.707Z","folderId":null,"pageName":"Search Template","sectionCount":1,"status":2},{"id":40156343,"title":"Password Template","order":9,"templateKey":"password","customTemplate":false,"customTemplateFilename":null,"pageLinks":[],"dateCreated":"2025-01-07T10:27:18.327Z","dateUpdated":"2025-01-07T10:27:25.707Z","folderId":null,"pageName":"Password Template","sectionCount":1,"status":2},{"id":562729547,"title":"404 Not Found Template","order":10,"templateKey":"404","customTemplate":false,"customTemplateFilename":null,"pageLinks":[],"dateCreated":"2025-01-07T10:27:18.369Z","dateUpdated":"2025-01-07T10:27:25.707Z","folderId":null,"pageName":"404 Not Found Template","sectionCount":1,"status":2},{"id":358425325,"title":"Thank You Template","order":11,"templateKey":"ThankYou","customTemplate":false,"customTemplateFilename":null,"pageLinks":[],"dateCreated":"2025-01-07T10:27:18.411Z","dateUpdated":"2025-01-07T10:27:25.707Z","folderId":null,"pageName":"Thank You Template","sectionCount":1,"status":2},{"id":77746139,"title":"Home","order":50,"templateKey":null,"customTemplate":false,"customTemplateFilename":null,"pageLinks":[],"dateCreated":"2025-01-07T10:27:30.535Z","dateUpdated":"2025-01-07T12:44:39.525Z","folderId":null,"pageName":"Home_77746139","status":2},{"id":2655116511,"title":"About","order":100,"templateKey":null,"customTemplate":false,"customTemplateFilename":null,"pageLinks":[],"dateCreated":"2025-01-07T10:27:18.563Z","dateUpdated":"2025-01-07T10:27:25.707Z","folderId":null,"pageName":"About_2655116511","sectionCount":1,"status":2},{"id":88222005,"title":"Contact","order":101,"templateKey":null,"customTemplate":false,"customTemplateFilename":null,"pageLinks":[],"dateCreated":"2025-01-07T10:27:18.585Z","dateUpdated":"2025-01-07T10:27:25.707Z","folderId":null,"pageName":"Contact_88222005","sectionCount":1,"status":2},{"id":2825723370,"title":"Page 1","order":102,"templateKey":null,"customTemplate":false,"customTemplateFilename":null,"pageLinks":[],"dateCreated":"2025-01-07T12:48:43.062Z","dateUpdated":"2025-01-07T14:53:40.079Z","folderId":null,"pageName":"Page 1_2825723370","sectionCount":14,"status":2}]